origin,95
powder,46
pardon,24
landowner,8
easy,85
chimney,47
revolutionary,56
district,75
buffet,71
estimate,1
meal,2
retailer,92
capture,9
sum,41
color,22
franchise,62
kit,60
single,69
rifle,57
pony,43
drawing,30
stop,45
tease,96
repeat,59
participate,87
harmful,37
museum,38
link,40
jelly,44
constitutional,49
dawn,27
warn,50
penalty,67
lake,79
differ,86
empire,55
wriggle,93
bee,81
mug,52
win,78
smile,100
critical,80
responsibility,6
fireplace,76
bend,35
intention,32
anniversary,90
linear,82
estimate,4
log,11
